latitude,longitude,date,count
32.5,-117,1984-01-05,24
32.5,-117,1984-03-14,21
32.5,-117,1984-06-05,20
32.5,-117,1984-06-06,12
32.5,-117,1984-06-07,15
32.5,-117,1984-07-15,14
32.5,-117,1984-07-18,12
32.5,-117,1984-07-22,23
32.5,-117,1984-08-14,14
32.5,-117,1984-08-15,15
32.5,-117,1984-08-26,12
32.5,-117,1984-08-27,20
32.5,-117,1984-09-11,17
32.5,-117,1984-09-17,18
32.5,-117,1984-10-12,14
32.5,-117,1984-11-08,12
32.5,-117,1984-11-13,16
32.5,-117,1984-12-08,13
32.5,-117,1984-12-10,16
32.5,-117,1984-12-19,17
32.5,-117,1984-12-27,15
32.75,-117.25,1984-01-05,24
32.75,-117.25,1984-03-14,20
32.75,-117.25,1984-06-05,20
32.75,-117.25,1984-06-06,12
32.75,-117.25,1984-06-07,14
32.75,-117.25,1984-07-15,14
32.75,-117.25,1984-07-18,12
32.75,-117.25,1984-07-22,24
32.75,-117.25,1984-08-14,15
32.75,-117.25,1984-08-15,16
32.75,-117.25,1984-08-26,12
32.75,-117.25,1984-08-27,20
32.75,-117.25,1984-09-11,17
32.75,-117.25,1984-09-17,20
32.75,-117.25,1984-10-12,14
32.75,-117.25,1984-11-08,13
32.75,-117.25,1984-11-13,16
32.75,-117.25,1984-12-10,16
32.75,-117.25,1984-12-19,16
32.75,-117.25,1984-12-27,14
33,-117.25,1984-01-05,18
33,-117.25,1984-02-12,12
33,-117.25,1984-03-14,20
33,-117.25,1984-06-05,20
33,-117.25,1984-06-07,13
33,-117.25,1984-07-15,14
33,-117.25,1984-07-18,12
33,-117.25,1984-07-22,24
33,-117.25,1984-08-14,15
33,-117.25,1984-08-15,20
33,-117.25,1984-08-26,12
33,-117.25,1984-08-27,20
33,-117.25,1984-09-05,14
33,-117.25,1984-09-11,17
33,-117.25,1984-09-17,21
33,-117.25,1984-10-12,14
33,-117.25,1984-11-08,13
33,-117.25,1984-11-13,17
33,-117.25,1984-12-10,16
33,-117.25,1984-12-19,16
33,-117.25,1984-12-27,14
33.25,-117.5,1984-01-05,16
33.25,-117.5,1984-02-12,13
33.25,-117.5,1984-03-14,19
33.25,-117.5,1984-06-05,20
33.25,-117.5,1984-06-07,13
33.25,-117.5,1984-07-15,14
33.25,-117.5,1984-07-18,12
33.25,-117.5,1984-07-22,24
33.25,-117.5,1984-08-14,16
33.25,-117.5,1984-08-15,20
33.25,-117.5,1984-08-26,12
33.25,-117.5,1984-08-27,20
33.25,-117.5,1984-09-05,14
33.25,-117.5,1984-09-11,17
33.25,-117.5,1984-09-17,21
33.25,-117.5,1984-10-12,14
33.25,-117.5,1984-11-08,13
33.25,-117.5,1984-11-13,17
33.25,-117.5,1984-12-10,16
33.25,-117.5,1984-12-19,15
33.25,-117.5,1984-12-27,13
33.5,-117.75,1984-02-12,16
33.5,-117.75,1984-03-14,18
33.5,-117.75,1984-06-05,16
33.5,-117.75,1984-06-07,13
33.5,-117.75,1984-07-15,14
33.5,-117.75,1984-07-18,12
33.5,-117.75,1984-07-22,24
33.5,-117.75,1984-08-14,16
33.5,-117.75,1984-08-15,20
33.5,-117.75,1984-08-26,12
33.5,-117.75,1984-08-27,20
33.5,-117.75,1984-09-05,14
33.5,-117.75,1984-09-11,17
33.5,-117.75,1984-09-17,22
33.5,-117.75,1984-10-12,14
33.5,-117.75,1984-11-08,13
33.5,-117.75,1984-11-13,16
33.5,-117.75,1984-12-10,16
33.5,-117.75,1984-12-19,14
33.5,-117.75,1984-12-27,13
33.75,-118.25,1984-02-12,16
33.75,-118.25,1984-03-14,17
33.75,-118.25,1984-05-30,18
33.75,-118.25,1984-06-05,16
33.75,-118.25,1984-06-07,12
33.75,-118.25,1984-07-15,12
33.75,-118.25,1984-07-22,24
33.75,-118.25,1984-07-23,12
33.75,-118.25,1984-08-14,14
33.75,-118.25,1984-08-15,20
33.75,-118.25,1984-08-26,12
33.75,-118.25,1984-08-27,20
33.75,-118.25,1984-08-28,13
33.75,-118.25,1984-09-05,14
33.75,-118.25,1984-09-11,17
33.75,-118.25,1984-09-17,23
33.75,-118.25,1984-10-12,14
33.75,-118.25,1984-11-08,13
33.75,-118.25,1984-11-13,17
33.75,-118.25,1984-12-10,16
33.75,-118,1984-02-12,16
33.75,-118,1984-03-14,17
33.75,-118,1984-05-30,17
33.75,-118,1984-06-05,16
33.75,-118,1984-06-07,12
33.75,-118,1984-07-15,13
33.75,-118,1984-07-18,12
33.75,-118,1984-07-22,24
33.75,-118,1984-07-23,12
33.75,-118,1984-08-14,16
33.75,-118,1984-08-15,20
33.75,-118,1984-08-26,12
33.75,-118,1984-08-27,20
33.75,-118,1984-09-05,14
33.75,-118,1984-09-11,17
33.75,-118,1984-09-17,22
33.75,-118,1984-10-12,14
33.75,-118,1984-11-08,13
33.75,-118,1984-11-13,17
33.75,-118,1984-12-10,16
33.75,-118,1984-12-19,12
34,-119,1984-03-12,13
34,-119,1984-03-14,16
34,-119,1984-05-30,18
34,-119,1984-06-04,12
34,-119,1984-06-05,20
34,-119,1984-06-06,12
34,-119,1984-06-07,12
34,-119,1984-07-15,12
34,-119,1984-07-22,20
34,-119,1984-07-23,12
34,-119,1984-08-15,18
34,-119,1984-08-26,12
34,-119,1984-08-27,20
34,-119,1984-08-28,15
34,-119,1984-09-11,17
34,-119,1984-09-17,23
34,-119,1984-10-12,14
34,-119,1984-11-08,13
34,-119,1984-11-13,16
34,-119,1984-12-10,14
34,-118.75,1984-02-12,16
34,-118.75,1984-03-12,12
34,-118.75,1984-03-14,16
34,-118.75,1984-05-30,18
34,-118.75,1984-06-05,18
34,-118.75,1984-06-06,12
34,-118.75,1984-07-15,12
34,-118.75,1984-07-22,24
34,-118.75,1984-07-23,12
34,-118.75,1984-08-14,14
34,-118.75,1984-08-15,18
34,-118.75,1984-08-26,12
34,-118.75,1984-08-27,20
34,-118.75,1984-08-28,15
34,-118.75,1984-09-05,14
34,-118.75,1984-09-11,17
34,-118.75,1984-09-17,22
34,-118.75,1984-10-12,14
34,-118.75,1984-11-08,13
34,-118.75,1984-11-13,16
34,-118.75,1984-12-10,12
34,-118.5,1984-02-12,19
34,-118.5,1984-03-12,12
34,-118.5,1984-03-14,16
34,-118.5,1984-05-30,18
34,-118.5,1984-06-05,15
34,-118.5,1984-06-06,12
34,-118.5,1984-07-15,12
34,-118.5,1984-07-22,24
34,-118.5,1984-07-23,12
34,-118.5,1984-08-14,14
34,-118.5,1984-08-15,20
34,-118.5,1984-08-26,12
34,-118.5,1984-08-27,20
34,-118.5,1984-08-28,15
34,-118.5,1984-09-05,14
34,-118.5,1984-09-11,17
34,-118.5,1984-09-17,22
34,-118.5,1984-10-12,14
34,-118.5,1984-11-08,13
34,-118.5,1984-11-13,16
34,-118.5,1984-12-10,15
34.25,-119.25,1984-02-12,14
34.25,-119.25,1984-03-12,13
34.25,-119.25,1984-03-14,14
34.25,-119.25,1984-05-30,18
34.25,-119.25,1984-06-04,14
34.25,-119.25,1984-06-05,20
34.25,-119.25,1984-06-06,12
34.25,-119.25,1984-07-15,12
34.25,-119.25,1984-07-22,18
34.25,-119.25,1984-08-15,18
34.25,-119.25,1984-08-26,12
34.25,-119.25,1984-08-27,20
34.25,-119.25,1984-08-28,15
34.25,-119.25,1984-09-05,13
34.25,-119.25,1984-09-11,17
34.25,-119.25,1984-09-17,23
34.25,-119.25,1984-09-18,18
34.25,-119.25,1984-10-11,12
34.25,-119.25,1984-10-12,14
34.25,-119.25,1984-10-21,13
34.25,-119.25,1984-11-08,12
34.25,-119.25,1984-11-13,16
34.25,-119.25,1984-12-10,18
34.5,-120.5,1984-02-12,22
34.5,-120.5,1984-03-12,15
34.5,-120.5,1984-05-11,19
34.5,-120.5,1984-06-04,21
34.5,-120.5,1984-06-05,20
34.5,-120.5,1984-06-06,12
34.5,-120.5,1984-06-07,15
34.5,-120.5,1984-08-26,12
34.5,-120.5,1984-08-27,20
34.5,-120.5,1984-08-28,15
34.5,-120.5,1984-09-11,16
34.5,-120.5,1984-09-17,17
34.5,-120.5,1984-09-18,18
34.5,-120.5,1984-10-11,14
34.5,-120.5,1984-10-12,14
34.5,-120.5,1984-10-21,24
34.5,-120.5,1984-10-22,12
34.5,-120.5,1984-11-13,16
34.5,-120.5,1984-12-10,15
34.5,-120.5,1984-12-13,13
34.5,-120.25,1984-02-12,22
34.5,-120.25,1984-03-12,15
34.5,-120.25,1984-05-11,15
34.5,-120.25,1984-06-04,21
34.5,-120.25,1984-06-05,20
34.5,-120.25,1984-06-06,12
34.5,-120.25,1984-06-07,15
34.5,-120.25,1984-08-15,16
34.5,-120.25,1984-08-26,12
34.5,-120.25,1984-08-27,20
34.5,-120.25,1984-08-28,15
34.5,-120.25,1984-09-11,17
34.5,-120.25,1984-09-17,17
34.5,-120.25,1984-09-18,18
34.5,-120.25,1984-10-11,13
34.5,-120.25,1984-10-12,14
34.5,-120.25,1984-10-21,24
34.5,-120.25,1984-11-13,16
34.5,-120.25,1984-12-10,16
34.5,-120,1984-02-12,22
34.5,-120,1984-03-12,15
34.5,-120,1984-05-30,14
34.5,-120,1984-06-04,21
34.5,-120,1984-06-05,20
34.5,-120,1984-06-06,12
34.5,-120,1984-06-07,13
34.5,-120,1984-08-12,12
34.5,-120,1984-08-15,17
34.5,-120,1984-08-26,12
34.5,-120,1984-08-27,20
34.5,-120,1984-08-28,15
34.5,-120,1984-09-11,17
34.5,-120,1984-09-17,18
34.5,-120,1984-09-18,19
34.5,-120,1984-10-11,13
34.5,-120,1984-10-12,14
34.5,-120,1984-10-21,24
34.5,-120,1984-11-13,16
34.5,-120,1984-12-10,17
34.5,-119.75,1984-02-12,22
34.5,-119.75,1984-03-12,15
34.5,-119.75,1984-05-30,15
34.5,-119.75,1984-06-04,19
34.5,-119.75,1984-06-05,20
34.5,-119.75,1984-06-06,12
34.5,-119.75,1984-07-22,14
34.5,-119.75,1984-08-15,17
34.5,-119.75,1984-08-26,12
34.5,-119.75,1984-08-27,20
34.5,-119.75,1984-08-28,15
34.5,-119.75,1984-09-05,12
34.5,-119.75,1984-09-11,17
34.5,-119.75,1984-09-17,19
34.5,-119.75,1984-09-18,20
34.5,-119.75,1984-10-11,13
34.5,-119.75,1984-10-12,14
34.5,-119.75,1984-10-21,24
34.5,-119.75,1984-11-13,16
34.5,-119.75,1984-12-10,17
34.5,-119.5,1984-02-12,22
34.5,-119.5,1984-03-12,14
34.5,-119.5,1984-03-14,12
34.5,-119.5,1984-05-30,18
34.5,-119.5,1984-06-04,17
34.5,-119.5,1984-06-05,20
34.5,-119.5,1984-06-06,12
34.5,-119.5,1984-07-22,16
34.5,-119.5,1984-08-15,18
34.5,-119.5,1984-08-26,12
34.5,-119.5,1984-08-27,20
34.5,-119.5,1984-08-28,15
34.5,-119.5,1984-09-05,13
34.5,-119.5,1984-09-11,15
34.5,-119.5,1984-09-17,19
34.5,-119.5,1984-09-18,20
34.5,-119.5,1984-10-11,13
34.5,-119.5,1984-10-12,14
34.5,-119.5,1984-10-21,19
34.5,-119.5,1984-11-13,16
34.5,-119.5,1984-12-10,17
34.75,-120.5,1984-02-12,22
34.75,-120.5,1984-03-12,15
34.75,-120.5,1984-05-11,19
34.75,-120.5,1984-06-04,21
34.75,-120.5,1984-06-05,20
34.75,-120.5,1984-06-06,12
34.75,-120.5,1984-06-07,14
34.75,-120.5,1984-08-12,12
34.75,-120.5,1984-08-15,15
34.75,-120.5,1984-08-26,12
34.75,-120.5,1984-08-27,20
34.75,-120.5,1984-08-28,15
34.75,-120.5,1984-09-11,15
34.75,-120.5,1984-09-17,17
34.75,-120.5,1984-09-18,20
34.75,-120.5,1984-10-11,14
34.75,-120.5,1984-10-12,14
34.75,-120.5,1984-10-21,24
34.75,-120.5,1984-11-13,16
34.75,-120.5,1984-12-10,16
35,-120.5,1984-02-12,22
35,-120.5,1984-03-12,13
35,-120.5,1984-05-11,19
35,-120.5,1984-06-04,21
35,-120.5,1984-06-05,20
35,-120.5,1984-06-06,12
35,-120.5,1984-06-07,13
35,-120.5,1984-07-23,12
35,-120.5,1984-08-12,12
35,-120.5,1984-08-15,12
35,-120.5,1984-08-26,12
35,-120.5,1984-08-27,20
35,-120.5,1984-08-28,15
35,-120.5,1984-09-11,15
35,-120.5,1984-09-17,17
35,-120.5,1984-09-18,21
35,-120.5,1984-10-11,15
35,-120.5,1984-10-12,14
35,-120.5,1984-10-21,24
35,-120.5,1984-11-13,16
35,-120.5,1984-12-10,17
35.25,-120.75,1984-02-12,22
35.25,-120.75,1984-05-11,19
35.25,-120.75,1984-06-04,21
35.25,-120.75,1984-06-05,18
35.25,-120.75,1984-06-06,12
35.25,-120.75,1984-07-23,12
35.25,-120.75,1984-08-12,13
35.25,-120.75,1984-08-26,12
35.25,-120.75,1984-08-27,20
35.25,-120.75,1984-08-28,15
35.25,-120.75,1984-09-05,12
35.25,-120.75,1984-09-11,15
35.25,-120.75,1984-09-17,17
35.25,-120.75,1984-09-18,22
35.25,-120.75,1984-10-11,16
35.25,-120.75,1984-10-12,14
35.25,-120.75,1984-10-21,24
35.25,-120.75,1984-11-13,16
35.25,-120.75,1984-12-10,17
35.5,-121,1984-02-12,22
35.5,-121,1984-05-11,17
35.5,-121,1984-06-04,22
35.5,-121,1984-06-05,17
35.5,-121,1984-06-06,12
35.5,-121,1984-06-07,12
35.5,-121,1984-07-23,12
35.5,-121,1984-08-12,13
35.5,-121,1984-08-26,12
35.5,-121,1984-08-27,20
35.5,-121,1984-08-28,15
35.5,-121,1984-09-05,18
35.5,-121,1984-09-17,17
35.5,-121,1984-09-18,22
35.5,-121,1984-10-11,17
35.5,-121,1984-10-12,14
35.5,-121,1984-10-21,24
35.5,-121,1984-11-13,16
35.5,-121,1984-12-10,15
35.75,-121.25,1984-02-12,22
35.75,-121.25,1984-03-13,12
35.75,-121.25,1984-05-11,14
35.75,-121.25,1984-06-04,22
35.75,-121.25,1984-06-05,18
35.75,-121.25,1984-06-06,12
35.75,-121.25,1984-06-07,13
35.75,-121.25,1984-07-23,12
35.75,-121.25,1984-08-12,13
35.75,-121.25,1984-08-13,14
35.75,-121.25,1984-08-26,12
35.75,-121.25,1984-08-27,20
35.75,-121.25,1984-08-28,15
35.75,-121.25,1984-08-29,12
35.75,-121.25,1984-09-05,18
35.75,-121.25,1984-09-17,16
35.75,-121.25,1984-09-18,22
35.75,-121.25,1984-10-11,17
35.75,-121.25,1984-10-12,14
35.75,-121.25,1984-10-21,24
35.75,-121.25,1984-10-22,12
35.75,-121.25,1984-11-13,15
35.75,-121.25,1984-12-10,13
36,-121.5,1984-02-12,21
36,-121.5,1984-03-13,13
36,-121.5,1984-05-11,15
36,-121.5,1984-05-22,12
36,-121.5,1984-06-04,22
36,-121.5,1984-06-05,20
36,-121.5,1984-06-06,12
36,-121.5,1984-06-07,13
36,-121.5,1984-08-12,16
36,-121.5,1984-08-13,14
36,-121.5,1984-08-26,12
36,-121.5,1984-08-27,20
36,-121.5,1984-08-28,15
36,-121.5,1984-08-29,12
36,-121.5,1984-08-30,14
36,-121.5,1984-09-05,18
36,-121.5,1984-09-17,16
36,-121.5,1984-09-18,22
36,-121.5,1984-10-11,18
36,-121.5,1984-10-12,14
36,-121.5,1984-10-21,24
36,-121.5,1984-10-22,17
36,-121.5,1984-11-11,13
36,-121.5,1984-11-12,16
36,-121.5,1984-11-13,14
36,-121.5,1984-12-10,12
36.25,-121.75,1984-02-12,20
36.25,-121.75,1984-03-13,15
36.25,-121.75,1984-05-11,15
36.25,-121.75,1984-05-22,12
36.25,-121.75,1984-06-04,22
36.25,-121.75,1984-06-05,19
36.25,-121.75,1984-06-06,12
36.25,-121.75,1984-06-07,13
36.25,-121.75,1984-08-12,16
36.25,-121.75,1984-08-13,20
36.25,-121.75,1984-08-26,12
36.25,-121.75,1984-08-27,20
36.25,-121.75,1984-08-28,15
36.25,-121.75,1984-08-29,12
36.25,-121.75,1984-08-30,14
36.25,-121.75,1984-09-05,17
36.25,-121.75,1984-09-17,15
36.25,-121.75,1984-09-18,22
36.25,-121.75,1984-10-11,19
36.25,-121.75,1984-10-12,14
36.25,-121.75,1984-10-21,24
36.25,-121.75,1984-10-22,20
36.25,-121.75,1984-11-10,12
36.25,-121.75,1984-11-11,15
36.25,-121.75,1984-11-12,18
36.25,-121.75,1984-11-13,14
36.25,-121.75,1984-11-27,15
36.25,-121.75,1984-12-10,12
36.5,-122,1984-02-12,18
36.5,-122,1984-03-13,16
36.5,-122,1984-05-11,17
36.5,-122,1984-05-22,12
36.5,-122,1984-06-04,22
36.5,-122,1984-06-05,19
36.5,-122,1984-06-06,12
36.5,-122,1984-06-07,13
36.5,-122,1984-08-12,14
36.5,-122,1984-08-13,21
36.5,-122,1984-08-26,12
36.5,-122,1984-08-27,20
36.5,-122,1984-08-28,15
36.5,-122,1984-08-30,14
36.5,-122,1984-09-05,17
36.5,-122,1984-09-07,13
36.5,-122,1984-09-17,14
36.5,-122,1984-09-18,22
36.5,-122,1984-10-11,20
36.5,-122,1984-10-12,14
36.5,-122,1984-10-21,24
36.5,-122,1984-10-22,18
36.5,-122,1984-11-10,12
36.5,-122,1984-11-11,16
36.5,-122,1984-11-12,24
36.5,-122,1984-11-13,14
36.5,-122,1984-11-27,16
36.5,-122,1984-12-10,12
36.75,-121.75,1984-02-12,19
36.75,-121.75,1984-03-13,15
36.75,-121.75,1984-05-11,15
36.75,-121.75,1984-06-04,22
36.75,-121.75,1984-06-05,19
36.75,-121.75,1984-06-06,12
36.75,-121.75,1984-06-07,12
36.75,-121.75,1984-08-12,16
36.75,-121.75,1984-08-13,22
36.75,-121.75,1984-08-14,16
36.75,-121.75,1984-08-26,12
36.75,-121.75,1984-08-27,20
36.75,-121.75,1984-08-28,15
36.75,-121.75,1984-08-29,13
36.75,-121.75,1984-08-30,14
36.75,-121.75,1984-09-05,18
36.75,-121.75,1984-09-17,14
36.75,-121.75,1984-09-18,22
36.75,-121.75,1984-10-11,20
36.75,-121.75,1984-10-12,14
36.75,-121.75,1984-10-21,24
36.75,-121.75,1984-10-22,15
36.75,-121.75,1984-11-10,12
36.75,-121.75,1984-11-11,16
36.75,-121.75,1984-11-12,23
36.75,-121.75,1984-11-13,15
36.75,-121.75,1984-11-27,17
36.75,-121.75,1984-12-10,12
37,-122.25,1984-02-12,14
37,-122.25,1984-02-13,14
37,-122.25,1984-03-13,16
37,-122.25,1984-05-10,12
37,-122.25,1984-05-11,16
37,-122.25,1984-05-22,14
37,-122.25,1984-06-04,22
37,-122.25,1984-06-05,18
37,-122.25,1984-06-06,12
37,-122.25,1984-06-07,12
37,-122.25,1984-08-12,14
37,-122.25,1984-08-13,22
37,-122.25,1984-08-26,12
37,-122.25,1984-08-27,20
37,-122.25,1984-08-28,15
37,-122.25,1984-08-29,12
37,-122.25,1984-08-30,13
37,-122.25,1984-09-05,16
37,-122.25,1984-09-07,23
37,-122.25,1984-09-17,12
37,-122.25,1984-09-18,22
37,-122.25,1984-10-11,20
37,-122.25,1984-10-12,14
37,-122.25,1984-10-21,24
37,-122.25,1984-10-22,18
37,-122.25,1984-11-02,12
37,-122.25,1984-11-06,12
37,-122.25,1984-11-10,13
37,-122.25,1984-11-11,24
37,-122.25,1984-11-12,24
37,-122.25,1984-11-13,14
37,-122.25,1984-11-27,17
37,-122.25,1984-12-10,12
37,-122,1984-02-12,16
37,-122,1984-02-13,14
37,-122,1984-03-13,16
37,-122,1984-05-11,15
37,-122,1984-05-22,14
37,-122,1984-06-04,22
37,-122,1984-06-05,19
37,-122,1984-06-06,12
37,-122,1984-06-07,12
37,-122,1984-08-12,15
37,-122,1984-08-13,22
37,-122,1984-08-14,16
37,-122,1984-08-26,12
37,-122,1984-08-27,20
37,-122,1984-08-28,15
37,-122,1984-08-29,12
37,-122,1984-08-30,14
37,-122,1984-09-05,17
37,-122,1984-09-07,20
37,-122,1984-09-17,13
37,-122,1984-09-18,22
37,-122,1984-10-11,20
37,-122,1984-10-12,14
37,-122,1984-10-21,24
37,-122,1984-10-22,16
37,-122,1984-11-02,12
37,-122,1984-11-06,12
37,-122,1984-11-10,13
37,-122,1984-11-11,24
37,-122,1984-11-12,24
37,-122,1984-11-13,14
37,-122,1984-11-27,18
37,-122,1984-12-10,12
37.25,-122.5,1984-02-12,13
37.25,-122.5,1984-02-13,16
37.25,-122.5,1984-03-13,17
37.25,-122.5,1984-05-10,13
37.25,-122.5,1984-05-11,14
37.25,-122.5,1984-05-22,15
37.25,-122.5,1984-05-23,14
37.25,-122.5,1984-06-04,22
37.25,-122.5,1984-06-05,16
37.25,-122.5,1984-06-06,12
37.25,-122.5,1984-08-12,14
37.25,-122.5,1984-08-13,22
37.25,-122.5,1984-08-26,12
37.25,-122.5,1984-08-27,20
37.25,-122.5,1984-08-28,15
37.25,-122.5,1984-08-29,12
37.25,-122.5,1984-08-30,13
37.25,-122.5,1984-09-05,15
37.25,-122.5,1984-09-07,21
37.25,-122.5,1984-09-17,12
37.25,-122.5,1984-09-18,22
37.25,-122.5,1984-10-11,20
37.25,-122.5,1984-10-12,14
37.25,-122.5,1984-10-21,24
37.25,-122.5,1984-10-22,18
37.25,-122.5,1984-11-02,16
37.25,-122.5,1984-11-06,12
37.25,-122.5,1984-11-10,15
37.25,-122.5,1984-11-11,24
37.25,-122.5,1984-11-12,24
37.25,-122.5,1984-11-13,13
37.25,-122.5,1984-11-27,20
37.5,-122.5,1984-02-12,13
37.5,-122.5,1984-02-13,17
37.5,-122.5,1984-03-13,17
37.5,-122.5,1984-04-08,12
37.5,-122.5,1984-05-10,13
37.5,-122.5,1984-05-11,14
37.5,-122.5,1984-05-22,15
37.5,-122.5,1984-05-23,16
37.5,-122.5,1984-06-04,22
37.5,-122.5,1984-06-05,16
37.5,-122.5,1984-06-06,12
37.5,-122.5,1984-08-12,14
37.5,-122.5,1984-08-13,21
37.5,-122.5,1984-08-14,14
37.5,-122.5,1984-08-26,12
37.5,-122.5,1984-08-27,20
37.5,-122.5,1984-08-28,15
37.5,-122.5,1984-08-29,13
37.5,-122.5,1984-08-30,13
37.5,-122.5,1984-09-05,15
37.5,-122.5,1984-09-07,19
37.5,-122.5,1984-09-18,22
37.5,-122.5,1984-10-11,18
37.5,-122.5,1984-10-12,14
37.5,-122.5,1984-10-21,24
37.5,-122.5,1984-10-22,13
37.5,-122.5,1984-10-24,12
37.5,-122.5,1984-11-02,18
37.5,-122.5,1984-11-06,12
37.5,-122.5,1984-11-10,15
37.5,-122.5,1984-11-11,24
37.5,-122.5,1984-11-12,24
37.5,-122.5,1984-11-13,13
37.5,-122.5,1984-11-27,20
37.75,-122.5,1984-02-12,12
37.75,-122.5,1984-02-13,18
37.75,-122.5,1984-03-13,18
37.75,-122.5,1984-04-08,13
37.75,-122.5,1984-05-10,13
37.75,-122.5,1984-05-11,18
37.75,-122.5,1984-05-20,12
37.75,-122.5,1984-05-21,12
37.75,-122.5,1984-05-22,14
37.75,-122.5,1984-05-23,18
37.75,-122.5,1984-06-04,22
37.75,-122.5,1984-06-05,15
37.75,-122.5,1984-06-06,12
37.75,-122.5,1984-08-12,16
37.75,-122.5,1984-08-13,20
37.75,-122.5,1984-08-14,15
37.75,-122.5,1984-08-26,12
37.75,-122.5,1984-08-27,20
37.75,-122.5,1984-08-28,15
37.75,-122.5,1984-08-29,13
37.75,-122.5,1984-08-30,13
37.75,-122.5,1984-09-05,14
37.75,-122.5,1984-09-07,16
37.75,-122.5,1984-09-18,17
37.75,-122.5,1984-10-11,17
37.75,-122.5,1984-10-12,14
37.75,-122.5,1984-10-21,23
37.75,-122.5,1984-10-24,12
37.75,-122.5,1984-11-02,19
37.75,-122.5,1984-11-06,12
37.75,-122.5,1984-11-10,16
37.75,-122.5,1984-11-11,24
37.75,-122.5,1984-11-12,24
37.75,-122.5,1984-11-13,14
37.75,-122.5,1984-11-27,20
38,-122.75,1984-02-12,13
38,-122.75,1984-02-13,18
38,-122.75,1984-03-13,19
38,-122.75,1984-04-08,12
38,-122.75,1984-05-10,14
38,-122.75,1984-05-11,21
38,-122.75,1984-05-21,13
38,-122.75,1984-05-22,15
38,-122.75,1984-05-23,20
38,-122.75,1984-06-04,22
38,-122.75,1984-06-05,14
38,-122.75,1984-06-06,12
38,-122.75,1984-08-12,15
38,-122.75,1984-08-13,16
38,-122.75,1984-08-26,12
38,-122.75,1984-08-27,20
38,-122.75,1984-08-28,15
38,-122.75,1984-08-29,13
38,-122.75,1984-08-30,14
38,-122.75,1984-09-05,12
38,-122.75,1984-09-06,20
38,-122.75,1984-09-07,14
38,-122.75,1984-09-18,14
38,-122.75,1984-10-11,14
38,-122.75,1984-10-12,14
38,-122.75,1984-10-21,24
38,-122.75,1984-10-24,12
38,-122.75,1984-11-02,22
38,-122.75,1984-11-06,12
38,-122.75,1984-11-10,17
38,-122.75,1984-11-11,24
38,-122.75,1984-11-12,24
38,-122.75,1984-11-13,13
38,-122.75,1984-11-27,20
38.25,-123,1984-02-12,14
38.25,-123,1984-02-13,19
38.25,-123,1984-03-13,19
38.25,-123,1984-04-08,13
38.25,-123,1984-05-10,14
38.25,-123,1984-05-11,22
38.25,-123,1984-05-20,12
38.25,-123,1984-05-21,15
38.25,-123,1984-05-22,15
38.25,-123,1984-05-23,21
38.25,-123,1984-06-04,22
38.25,-123,1984-06-05,12
38.25,-123,1984-06-06,12
38.25,-123,1984-08-12,13
38.25,-123,1984-08-13,12
38.25,-123,1984-08-26,12
38.25,-123,1984-08-27,19
38.25,-123,1984-08-28,15
38.25,-123,1984-08-29,13
38.25,-123,1984-08-30,14
38.25,-123,1984-09-06,20
38.25,-123,1984-09-07,16
38.25,-123,1984-09-18,13
38.25,-123,1984-10-11,13
38.25,-123,1984-10-12,14
38.25,-123,1984-10-21,24
38.25,-123,1984-10-22,13
38.25,-123,1984-10-24,13
38.25,-123,1984-11-02,23
38.25,-123,1984-11-10,19
38.25,-123,1984-11-11,24
38.25,-123,1984-11-12,24
38.25,-123,1984-11-13,12
38.25,-123,1984-11-27,22
38.5,-123.25,1984-02-12,15
38.5,-123.25,1984-02-13,19
38.5,-123.25,1984-03-13,19
38.5,-123.25,1984-04-08,12
38.5,-123.25,1984-05-10,15
38.5,-123.25,1984-05-11,22
38.5,-123.25,1984-05-20,12
38.5,-123.25,1984-05-21,14
38.5,-123.25,1984-05-22,15
38.5,-123.25,1984-05-23,23
38.5,-123.25,1984-06-04,22
38.5,-123.25,1984-06-05,12
38.5,-123.25,1984-06-06,12
38.5,-123.25,1984-08-26,12
38.5,-123.25,1984-08-27,14
38.5,-123.25,1984-08-29,13
38.5,-123.25,1984-08-30,14
38.5,-123.25,1984-09-06,20
38.5,-123.25,1984-09-07,20
38.5,-123.25,1984-10-11,13
38.5,-123.25,1984-10-12,14
38.5,-123.25,1984-10-21,24
38.5,-123.25,1984-10-22,17
38.5,-123.25,1984-10-24,14
38.5,-123.25,1984-11-02,24
38.5,-123.25,1984-11-10,20
38.5,-123.25,1984-11-11,24
38.5,-123.25,1984-11-12,24
38.5,-123.25,1984-11-13,12
38.5,-123.25,1984-11-27,24
38.75,-123.5,1984-02-12,17
38.75,-123.5,1984-02-13,19
38.75,-123.5,1984-03-13,20
38.75,-123.5,1984-04-08,12
38.75,-123.5,1984-05-10,15
38.75,-123.5,1984-05-11,22
38.75,-123.5,1984-05-20,13
38.75,-123.5,1984-05-21,15
38.75,-123.5,1984-05-22,16
38.75,-123.5,1984-05-23,22
38.75,-123.5,1984-06-04,22
38.75,-123.5,1984-06-06,12
38.75,-123.5,1984-08-26,12
38.75,-123.5,1984-08-29,13
38.75,-123.5,1984-09-06,19
38.75,-123.5,1984-09-07,20
38.75,-123.5,1984-10-08,15
38.75,-123.5,1984-10-11,13
38.75,-123.5,1984-10-12,15
38.75,-123.5,1984-10-21,24
38.75,-123.5,1984-10-22,21
38.75,-123.5,1984-10-24,14
38.75,-123.5,1984-11-02,24
38.75,-123.5,1984-11-10,20
38.75,-123.5,1984-11-11,23
38.75,-123.5,1984-11-12,24
38.75,-123.5,1984-11-15,12
38.75,-123.5,1984-11-27,24
39,-123.75,1984-02-12,20
39,-123.75,1984-02-13,19
39,-123.75,1984-03-13,20
39,-123.75,1984-05-10,15
39,-123.75,1984-05-11,22
39,-123.75,1984-05-20,12
39,-123.75,1984-05-21,15
39,-123.75,1984-05-22,17
39,-123.75,1984-05-23,21
39,-123.75,1984-06-04,22
39,-123.75,1984-06-06,12
39,-123.75,1984-08-26,12
39,-123.75,1984-08-29,13
39,-123.75,1984-09-06,19
39,-123.75,1984-09-07,23
39,-123.75,1984-10-08,16
39,-123.75,1984-10-10,12
39,-123.75,1984-10-12,12
39,-123.75,1984-10-21,24
39,-123.75,1984-10-22,21
39,-123.75,1984-10-24,15
39,-123.75,1984-11-02,24
39,-123.75,1984-11-10,20
39,-123.75,1984-11-11,22
39,-123.75,1984-11-12,24
39,-123.75,1984-11-15,12
39,-123.75,1984-11-27,24
39.25,-123.75,1984-02-12,23
39.25,-123.75,1984-02-13,19
39.25,-123.75,1984-03-13,20
39.25,-123.75,1984-05-10,16
39.25,-123.75,1984-05-11,24
39.25,-123.75,1984-05-20,12
39.25,-123.75,1984-05-21,16
39.25,-123.75,1984-05-22,19
39.25,-123.75,1984-05-23,21
39.25,-123.75,1984-06-04,22
39.25,-123.75,1984-06-06,12
39.25,-123.75,1984-08-26,12
39.25,-123.75,1984-08-29,13
39.25,-123.75,1984-09-06,20
39.25,-123.75,1984-09-07,23
39.25,-123.75,1984-10-08,17
39.25,-123.75,1984-10-10,12
39.25,-123.75,1984-10-12,13
39.25,-123.75,1984-10-21,24
39.25,-123.75,1984-10-22,21
39.25,-123.75,1984-10-24,15
39.25,-123.75,1984-11-02,24
39.25,-123.75,1984-11-10,19
39.25,-123.75,1984-11-11,21
39.25,-123.75,1984-11-12,24
39.25,-123.75,1984-11-15,12
39.25,-123.75,1984-11-27,24
39.5,-123.75,1984-02-12,24
39.5,-123.75,1984-02-13,19
39.5,-123.75,1984-02-20,12
39.5,-123.75,1984-03-13,20
39.5,-123.75,1984-04-08,12
39.5,-123.75,1984-05-10,17
39.5,-123.75,1984-05-11,24
39.5,-123.75,1984-05-20,14
39.5,-123.75,1984-05-21,19
39.5,-123.75,1984-05-22,24
39.5,-123.75,1984-05-23,21
39.5,-123.75,1984-06-04,20
39.5,-123.75,1984-06-06,12
39.5,-123.75,1984-06-29,12
39.5,-123.75,1984-08-26,12
39.5,-123.75,1984-08-27,16
39.5,-123.75,1984-08-29,13
39.5,-123.75,1984-09-06,20
39.5,-123.75,1984-09-07,21
39.5,-123.75,1984-10-08,20
39.5,-123.75,1984-10-10,13
39.5,-123.75,1984-10-12,14
39.5,-123.75,1984-10-21,24
39.5,-123.75,1984-10-22,19
39.5,-123.75,1984-10-24,15
39.5,-123.75,1984-11-02,24
39.5,-123.75,1984-11-10,18
39.5,-123.75,1984-11-11,20
39.5,-123.75,1984-11-12,24
39.5,-123.75,1984-11-27,24
39.75,-123.75,1984-02-12,21
39.75,-123.75,1984-02-13,18
39.75,-123.75,1984-02-20,12
39.75,-123.75,1984-03-13,20
39.75,-123.75,1984-04-07,16
39.75,-123.75,1984-04-08,12
39.75,-123.75,1984-05-10,17
39.75,-123.75,1984-05-11,24
39.75,-123.75,1984-05-20,18
39.75,-123.75,1984-05-21,20
39.75,-123.75,1984-05-22,24
39.75,-123.75,1984-05-23,21
39.75,-123.75,1984-06-04,16
39.75,-123.75,1984-06-06,12
39.75,-123.75,1984-06-29,12
39.75,-123.75,1984-08-26,12
39.75,-123.75,1984-08-27,18
39.75,-123.75,1984-08-29,13
39.75,-123.75,1984-09-06,21
39.75,-123.75,1984-09-07,20
39.75,-123.75,1984-10-08,21
39.75,-123.75,1984-10-10,13
39.75,-123.75,1984-10-12,15
39.75,-123.75,1984-10-21,24
39.75,-123.75,1984-10-22,17
39.75,-123.75,1984-10-24,15
39.75,-123.75,1984-11-02,24
39.75,-123.75,1984-11-10,18
39.75,-123.75,1984-11-11,20
39.75,-123.75,1984-11-12,24
39.75,-123.75,1984-11-27,24
40,-124,1984-02-12,21
40,-124,1984-02-13,18
40,-124,1984-02-20,13
40,-124,1984-03-13,20
40,-124,1984-04-07,14
40,-124,1984-05-10,17
40,-124,1984-05-11,24
40,-124,1984-05-20,13
40,-124,1984-05-21,19
40,-124,1984-05-22,24
40,-124,1984-05-23,19
40,-124,1984-06-04,16
40,-124,1984-06-06,12
40,-124,1984-08-26,12
40,-124,1984-08-29,13
40,-124,1984-09-06,23
40,-124,1984-09-07,23
40,-124,1984-10-08,22
40,-124,1984-10-10,15
40,-124,1984-10-12,14
40,-124,1984-10-21,24
40,-124,1984-10-22,20
40,-124,1984-10-24,15
40,-124,1984-11-02,24
40,-124,1984-11-10,17
40,-124,1984-11-11,19
40,-124,1984-11-12,24
40,-124,1984-11-15,12
40,-124,1984-11-27,24
40.25,-124.25,1984-02-12,20
40.25,-124.25,1984-02-13,17
40.25,-124.25,1984-02-20,15
40.25,-124.25,1984-03-13,21
40.25,-124.25,1984-04-07,12
40.25,-124.25,1984-05-10,17
40.25,-124.25,1984-05-11,24
40.25,-124.25,1984-05-21,17
40.25,-124.25,1984-05-22,24
40.25,-124.25,1984-05-23,16
40.25,-124.25,1984-06-04,16
40.25,-124.25,1984-06-06,12
40.25,-124.25,1984-08-26,12
40.25,-124.25,1984-08-29,12
40.25,-124.25,1984-09-06,23
40.25,-124.25,1984-09-07,23
40.25,-124.25,1984-10-07,14
40.25,-124.25,1984-10-08,24
40.25,-124.25,1984-10-10,18
40.25,-124.25,1984-10-21,24
40.25,-124.25,1984-10-22,20
40.25,-124.25,1984-10-24,15
40.25,-124.25,1984-11-02,24
40.25,-124.25,1984-11-10,16
40.25,-124.25,1984-11-11,19
40.25,-124.25,1984-11-12,24
40.25,-124.25,1984-11-15,12
40.25,-124.25,1984-11-27,24
40.5,-124.25,1984-02-12,20
40.5,-124.25,1984-02-13,17
40.5,-124.25,1984-02-20,15
40.5,-124.25,1984-03-13,21
40.5,-124.25,1984-04-15,12
40.5,-124.25,1984-05-10,17
40.5,-124.25,1984-05-11,24
40.5,-124.25,1984-05-21,18
40.5,-124.25,1984-05-22,24
40.5,-124.25,1984-05-23,16
40.5,-124.25,1984-06-04,16
40.5,-124.25,1984-06-06,12
40.5,-124.25,1984-08-26,12
40.5,-124.25,1984-09-06,24
40.5,-124.25,1984-09-07,23
40.5,-124.25,1984-10-07,16
40.5,-124.25,1984-10-08,24
40.5,-124.25,1984-10-10,20
40.5,-124.25,1984-10-21,24
40.5,-124.25,1984-10-22,16
40.5,-124.25,1984-10-24,15
40.5,-124.25,1984-11-02,24
40.5,-124.25,1984-11-10,16
40.5,-124.25,1984-11-11,19
40.5,-124.25,1984-11-12,24
40.5,-124.25,1984-11-15,12
40.5,-124.25,1984-11-27,24
40.75,-124.25,1984-02-12,19
40.75,-124.25,1984-02-13,17
40.75,-124.25,1984-02-20,15
40.75,-124.25,1984-03-13,21
40.75,-124.25,1984-04-15,14
40.75,-124.25,1984-05-10,15
40.75,-124.25,1984-05-11,24
40.75,-124.25,1984-05-21,18
40.75,-124.25,1984-05-22,23
40.75,-124.25,1984-05-23,16
40.75,-124.25,1984-06-04,16
40.75,-124.25,1984-06-06,12
40.75,-124.25,1984-09-06,24
40.75,-124.25,1984-09-07,23
40.75,-124.25,1984-10-07,17
40.75,-124.25,1984-10-08,24
40.75,-124.25,1984-10-10,22
40.75,-124.25,1984-10-21,23
40.75,-124.25,1984-10-22,14
40.75,-124.25,1984-10-24,15
40.75,-124.25,1984-11-02,24
40.75,-124.25,1984-11-10,16
40.75,-124.25,1984-11-11,18
40.75,-124.25,1984-11-12,24
40.75,-124.25,1984-11-27,24
41,-124.25,1984-02-12,19
41,-124.25,1984-02-13,17
41,-124.25,1984-02-20,16
41,-124.25,1984-03-13,20
41,-124.25,1984-04-15,14
41,-124.25,1984-05-10,15
41,-124.25,1984-05-11,24
41,-124.25,1984-05-19,12
41,-124.25,1984-05-21,18
41,-124.25,1984-05-22,23
41,-124.25,1984-05-23,13
41,-124.25,1984-06-04,15
41,-124.25,1984-06-06,12
41,-124.25,1984-09-05,14
41,-124.25,1984-09-06,24
41,-124.25,1984-09-07,23
41,-124.25,1984-10-06,13
41,-124.25,1984-10-07,24
41,-124.25,1984-10-08,24
41,-124.25,1984-10-10,23
41,-124.25,1984-10-21,22
41,-124.25,1984-10-24,15
41,-124.25,1984-11-02,24
41,-124.25,1984-11-10,16
41,-124.25,1984-11-11,18
41,-124.25,1984-11-12,24
41,-124.25,1984-11-27,24
41.25,-124,1984-02-12,19
41.25,-124,1984-02-13,17
41.25,-124,1984-02-20,15
41.25,-124,1984-03-13,20
41.25,-124,1984-04-07,15
41.25,-124,1984-04-15,18
41.25,-124,1984-05-10,21
41.25,-124,1984-05-11,24
41.25,-124,1984-05-19,13
41.25,-124,1984-05-20,14
41.25,-124,1984-05-21,22
41.25,-124,1984-05-22,24
41.25,-124,1984-05-23,16
41.25,-124,1984-06-04,16
41.25,-124,1984-06-06,12
41.25,-124,1984-08-26,12
41.25,-124,1984-09-05,22
41.25,-124,1984-09-06,24
41.25,-124,1984-09-07,23
41.25,-124,1984-10-07,24
41.25,-124,1984-10-08,24
41.25,-124,1984-10-10,24
41.25,-124,1984-10-21,14
41.25,-124,1984-10-24,15
41.25,-124,1984-11-02,24
41.25,-124,1984-11-10,16
41.25,-124,1984-11-11,17
41.25,-124,1984-11-12,24
41.25,-124,1984-11-27,24
41.5,-124,1984-02-12,18
41.5,-124,1984-02-13,17
41.5,-124,1984-02-20,15
41.5,-124,1984-03-13,20
41.5,-124,1984-04-07,16
41.5,-124,1984-04-15,21
41.5,-124,1984-05-10,21
41.5,-124,1984-05-11,24
41.5,-124,1984-05-19,15
41.5,-124,1984-05-20,14
41.5,-124,1984-05-21,22
41.5,-124,1984-05-22,24
41.5,-124,1984-05-23,16
41.5,-124,1984-06-04,16
41.5,-124,1984-06-06,12
41.5,-124,1984-08-16,13
41.5,-124,1984-09-05,22
41.5,-124,1984-09-06,24
41.5,-124,1984-09-07,23
41.5,-124,1984-10-07,24
41.5,-124,1984-10-08,24
41.5,-124,1984-10-10,24
41.5,-124,1984-10-21,13
41.5,-124,1984-10-24,15
41.5,-124,1984-11-02,24
41.5,-124,1984-11-10,16
41.5,-124,1984-11-11,17
41.5,-124,1984-11-12,23
41.5,-124,1984-11-27,24
41.75,-124.25,1984-02-12,19
41.75,-124.25,1984-02-13,17
41.75,-124.25,1984-02-20,16
41.75,-124.25,1984-03-13,20
41.75,-124.25,1984-04-07,15
41.75,-124.25,1984-04-15,16
41.75,-124.25,1984-05-10,17
41.75,-124.25,1984-05-11,24
41.75,-124.25,1984-05-13,14
41.75,-124.25,1984-05-19,15
41.75,-124.25,1984-05-21,17
41.75,-124.25,1984-05-22,20
41.75,-124.25,1984-05-23,13
41.75,-124.25,1984-06-04,15
41.75,-124.25,1984-06-06,12
41.75,-124.25,1984-08-16,14
41.75,-124.25,1984-09-05,22
41.75,-124.25,1984-09-06,24
41.75,-124.25,1984-09-07,23
41.75,-124.25,1984-10-06,15
41.75,-124.25,1984-10-07,24
41.75,-124.25,1984-10-08,24
41.75,-124.25,1984-10-10,24
41.75,-124.25,1984-10-21,13
41.75,-124.25,1984-10-24,15
41.75,-124.25,1984-11-02,24
41.75,-124.25,1984-11-10,15
41.75,-124.25,1984-11-11,19
41.75,-124.25,1984-11-12,22
41.75,-124.25,1984-11-27,24
42,-124.25,1984-02-12,19
42,-124.25,1984-02-13,16
42,-124.25,1984-02-20,17
42,-124.25,1984-03-13,20
42,-124.25,1984-04-07,16
42,-124.25,1984-04-15,16
42,-124.25,1984-05-10,18
42,-124.25,1984-05-11,24
42,-124.25,1984-05-13,14
42,-124.25,1984-05-19,17
42,-124.25,1984-05-21,17
42,-124.25,1984-05-22,20
42,-124.25,1984-05-23,12
42,-124.25,1984-06-04,15
42,-124.25,1984-06-06,12
42,-124.25,1984-08-16,16
42,-124.25,1984-09-05,22
42,-124.25,1984-09-06,22
42,-124.25,1984-09-07,23
42,-124.25,1984-10-06,15
42,-124.25,1984-10-07,24
42,-124.25,1984-10-08,24
42,-124.25,1984-10-10,24
42,-124.25,1984-10-24,15
42,-124.25,1984-11-02,24
42,-124.25,1984-11-10,15
42,-124.25,1984-11-11,20
42,-124.25,1984-11-12,22
42,-124.25,1984-11-27,24
